{
    "LCDM": {
        "w0": -1.0,
        "wa": 0.0,
        "H_over_min_z": 0.6716791979949874,
        "H_over_min_value": 0.867176326218829
    },
    "Siamese": {
        "w0": -0.7,
        "wa": -1.8,
        "H_over_min_z": 0.7568922305764411,
        "H_over_min_value": 0.7928284252040086
    }
}