{
    "LCDM_q0": -0.5499999999999998,
    "Siamese_q0": -0.23499999999999988,
    "SonLee_interval_q0": [
        0.02,
        0.1
    ]
}